country,ISO_code,status_of_case,link,UNDP_region,WHO_region,tobacco_modelling_year,tobacco_reference_year,total_population,total_population_source,adult_population,adult_population_source,GDP_USD,GDP_source,GDP_per_capita,country_total_health_expenditure,government_total_health_expenditure,country_NCD_spending,government_NCD_spending,country_total_health_expenditure_year,government_total_health_expenditure_year,country_NCD_spending_year,government_NCD_spending_year,USD_exchange_rate,USD_exchange_rate_source,adult_tobacco_use_prevalence_percent,adult_cigarette_smoking_prevalence_percent,adult_tobacco_smoking_prevalence_percent,adult_tobacco_use_prevalence_number,adult_cigarette_smoking_prevalence_number,adult_tobacco_smoking_prevalence_number,year_of_prevalence_data,prevelance_data_source,tobacco_burden,tobacco_burden_GDP,costs_per_adult_smoker,tobacco_attributable_deaths,percent_of_tobacco_attributable_deaths_that_are_premature,econ_productivity_losses,econ_productivity_losses_per_capita,econ_productivity_losses_per_capita_PPP,healthcare_expenditures,tobacco_burden_per_capita,tobacco_burden_per_capita_PPP,econ_losses_15years,econ_productivity_losses_15years,total_investment_15years,averted_deaths,annual_deaths_averted,deaths_averted_per_USD_10000_invested_in_interventions,econ_benefits,econ_benefits_per_capita,avoided_econ_productivity_losses,annual_avoided_econ_productivity_losses,econ_productivity_losses_15years_decrease,cigarette_smoking_prevalence_decrease,all_ROI_15years,NCD_modelling_year,NCD_reference_year,population,population_year,GDP_USD_1,GDP_year,GDP_per_capita_2,NCD_deaths,NCD_deaths_year,NCD_deaths_per_1000,NCD_deaths_percent,risk_of_premature_NCD_death_percent,econ_burden,econ_burden_perc_of_GDP,econ_burden_per_capita,econ_burden_per_capita_PPP,healthcare_costs,healthcare_costs_perc,healthcare_costs_per_capita,healthcare_costs_per_capita_PPP,healthcare_costs_gov,productivity_losses_perc,productivity_losses,productivity_losses_per_capita,productivity_losses_per_capita_PPP,15y_cost_all_interventions,15y_cost_all_interventions_per_capita,15y_cost_all_interventions_per_capita_PPP,15y_hly_total,15y_hly_tobacco,15y_deaths_averted_total,15y_strokes_averted_total,15y_IHD_averted_total,15y_econ_benefits_total,15y_econ_benefits_perc_of_GDP,15y_econ_benefits_per_capita,15y_ROI_tobacco,15y_ROI_alcohol,15y_ROI_salt,15y_ROI_physical_activity,15y_ROI_clinical,15y_recovered_econ_output_averted_deaths_perc,15y_recovered_econ_output_presenteeism_perc,15y_recovered_econ_output_absenteeism_perc
Armenia,ARM,Finished,https://www.am.undp.org/content/armenia/en/home/library/armenia-tobacco-control-investment-case.html,RBEC,EURO,2020,2017,2965300,RTI data input table,2372240,WB 2017,13621345196,"Modelling excel (in local currency, 2017)",4593.58,1210927200,160383300,526959104,65710807,2017,2017,2017,2017,0.00207,"UN exchange rates, 2017 average",0.28,0.262,0.279,664227,621527,661855,2016,STEPS Survey 2017,573300000,0.042,866.2,5500,0.52,413700000,139.51,431.28,159180000,193.34,597.79,7140000000,6205500000,21840000,23245,1550,11,1866900000,629.58,1350300000,89880000,0.261,0.519,86,2018,2017,2986151,2017,11400178827,2017,3818,26300,2016,8.81,0.93,0.22,740996100,0.065,248.1,778.602,138515400,0.197,46,144.36,113590800,0.803,602480700,202,633.928,416363400,139,436.218,180113,36352,41016,22246,20980,444475080,0.039,148.85,14.51,4.14,14.28,4.4,0.29,0.846,0.098,0.056
Cambodia,KHM,Finished,https://www.kh.undp.org/content/cambodia/en/home/library/democratic_governance/investment-case-for-tobacco-control-in-cambodia0.html,RBAP,WPRO,2018,2017,14827680,"Cambodia NIS, 2015",10746858,GBD 2015,21958128547,"Modelling excel (in local currency, 2017)",1480.89,1233779520,327138206,270743514,67721919,2017,2017,2016,2016,0.00024,report ,0.22,0.166,0.169,2364309,1783978,1816219,2014,National Adult Tobacco Survey of Cambodia 2014,650400000,0.03,358.11,15000,0.55,585600000,39.49,39.49,64392000,43.86,125.52,7908000000,8784000000,10680000,57000,3800,53,1898904000,128.06,1704000000,114576000,0.24,0.427,178,2019,2017,16069921,2017,22180000000,2017,1380,59520,2016,3.7,0.64,0.21,1460961494,0.066,90.9,260.054,83937989,0.05,5,14.304,83937989,0.95,1376778788,86,246.036,342750866,21,60.079,694858,161578,184236,,,424094852,0.019,26.39,10.7,5,9.6,10,0.2,0.841,0.084,0.075
Georgia,GEO,Finished,https://www.undp.org/content/undp/en/home/librarypage/hiv-aids/investment-case-for-tobacco-control-in-Georgia.html,RBEC,EURO,2018,2016,4038918,RTI data input table,3038966,GBD 2016,14314915200,"Modelling excel (in local currency,2016)",3544.25,1209325379,443100000,369552415,201007831,2016,2016,2016,2016,0.422,CEIC,0.325,0.31,0.31,987664,942079,942079,2016,"WHO GTCR 2017/STEPS 2016 (tobacco smoking) WHO GHO 2015 (tobacco use), no data on cigarette smoking so used tobacco smoking prevalence",348150000,0.024,369.55,11418,,210156000,52.03,164.91,137994000,86.2,273.2,5232800000,3152340000,4220000,53100,3540,126,1511182000,374.16,928400000,61893333,,0.454,357,2021,2019,3720161,2019,17420494700,2019,4683,53580,2016,14.4,0.94,0.25,1060070671,0.062,285,951.881,445663405,0.41,120,400.792,127858758,0.59,627255564,169,564.229,696867142,187,624.567,127399,18886,28339,17717,12374,947399751,0.054,254.67,9.4,7.1,14.7,1.4,0.6,0.904,0.068,0.028
Cabo Verde,CPV,Finished,https://www.undp.org/content/undp/en/home/librarypage/hiv-aids/investment-case-for-tobacco-control-in-Cabo_Verde.html,RBA,AFRO,2019,2017,548561,GBD 2016,386062,GBD 2016,1558498800,"Modelling excel (computed via economic costs as % of GDP, 2018)",2841.07,93017764,57930491,13343014,12450709,2017,2017,2017,2017,0.01023,"UN exchange rates, 2017 average",0.131,0.1,0.089,50574,38606,34360,2015,"WHO GHO 2015 (tobacco use and tobacco smoking), GTCR 2015 (cigarette)",16524000,0.011,480.91,104,0.6,15258180,27.81,56.11,1248480,30.12,60.77,201552000,228872700,8568000,574,38,1,70369800,128.28,65280000,4333980,0.349,0.632,8,,,,,,,,,,,,,,,,,,,,,,,,,,,,,,,,,,,,,,,,,,,,
Chad,TCD,Finished,https://www.td.undp.org/content/chad/fr/home/librarypage/mode_le-d_investissement-pour-la-lutte-antitabac-au.html,RBA,AFRO,2019,2017,14433585,GBD 2016,7178153,GBD 2016,12495018600,"Modelling excel (in local currency, 2015)",865.69,480251025,73361784,45034858,5767023,2017,2017,2018,2018,0.00176,report,0.118,0.064,0.095,847022,459402,681925,2017,WHO GTCR 2019,58140000,0.005,85.26,2473,0.71,48780000,3.38,7.88,9360000,4.03,9.39,703260000,731700000,14292000,10531,702,7,190188000,13.18,158940000,10440000,0.27,0.468,13,,,,,,,,,,,,,,,,,,,,,,,,,,,,,,,,,,,,,,,,,,,,
Colombia,COL,Finished,https://www.co.undp.org/content/colombia/es/home/library/poverty/caso-de-inversion-a-favor-del-control-del-tabaco-en-colombia.html,RBLAC,PAHO,2019,2017,50606157,GBD 2017,37646617,GBD 2017,315543000000,"Modelling excel (in local currency, 2017)",6235.27,24031091200,17071918775,,,2017,2017,,,0.00034,"UN exchange rates, 2017 average",0.099,0.088,0.085,3727015,3301608,3199962,2017,National Quality of Life Survey 2017 (tobacco use from  WB 2015),5780000000,0.018,1806.27,34809,0.44,3604000000,71.22,158.55,2210000000,114.22,254.28,70312000000,54060000000,64600000,154450,10297,24,19720000000,389.68,12138000000,808418000,0.28,0.497,305,,,,,,,,,,,,,,,,,,,,,,,,,,,,,,,,,,,,,,,,,,,,
El Salvador,SLV,Finished,https://www.undp.org/content/undp/en/home/librarypage/hiv-aids/investment-case-for-tobacco-control-in-el-salvador.html,RBLAC,PAHO,2018,2016,6164537,RTI data input table,4424890,GBD 2016,26797470000,Modelling excel (computed via economic costs as % of GDP),4347.04,2108140137,1172625919,,,2016,2016,,,1,"report, uses USD",0.095,0.088,0.95,420365,389390,4203645,2014,WHO GTCR 2017/National Alcohol and Tobacco Survey 2014 (cigarettes) WHO GHO 2015 (tobacco use and tobacco smoking),263600000,0.01,62.71,1624,0.46,148000000,24.01,50.71,115000000,42.76,90.31,3211700000,2220000000,19500000,6739,449,3,838500000,136.02,467200000,31153333,0.261,0.483,43,,,,,,,,,,,,,,,,,,,,,,,,,,,,,,,,,,,,,,,,,,,,
Eswatini,SWZ,Finished,https://www.sz.undp.org/content/eswatini/en/home/library/investment-case-for-tobacco-control-in-eswatini-0.html,RBA,AFRO,2020,2017,1093192,RTI data input table,711664,GBD 2017,3704708200,"Modelling excel (in local currency, 2018)",3388.89,242958094,123289859,78881202,61697185,2017,2017,2017,2017,0.05935,report,0.107,0.08,0.089,76148,56933,63338,2017,WHO GTCR 2019,40561200,0.011,640.39,661,0.66,36766000,33.63,90.31,3795200,37.1,100.75,498120000,551490000,10851900,3368,225,3,160940200,147.22,148250000,9707410,0.323,0.59,15,,,,,,,,,,,,,,,,,,,,,,,,,,,,,,,,,,,,,,,,,,,,
Ghana,GHA,Finished,,RBA,AFRO,2022,2019,31072945,UNPD 2020,20086488,UNPD 2020,56681800000,WB 2020,1824.15,1692869063,691044099,225063418,93113830,2019,2019,2018,2018,0.14,report,0.037,0.022,0.027,743200,441903,542335,2019,WHO GTCR 2021,93520000,0.002,215.74,6708,0.66,69580000,2.24,7.88,24080000,3.01,10.59,1022000000,1043700000,44800000,20122,1341,4,184660000,5.94,137480000,9240000,0.181,0.319,4.1,,,,,,,,,,,,,,,,,,,,,,,,,,,,,,,,,,,,,,,,,,,,
Jordan,JOR,Finished,https://www.jo.undp.org/content/jordan/en/home/library/-jordan-tobacco-control-investment-case.html,RBAS,EMRO,2018,2015,10648463,RTI data input table,6381845,GBD 2015,37558734000,RTI data input table,3527.15,2882150156,1543103603,,,2015,2015,,,1.41,"UN exchange rates, 2015 average",0.337,0.337,0.337,2150682,2150682,2150682,2015,"WHO GHO 2015 (tobacco use and tobacco smoking), no data on cigarette smoking so used tobacco smoking prevalence",2256000000,0.06,1048.97,9027,0.56,1958772000,183.95,417.64,288204000,211.86,481.02,27354000000,29381580000,37224000,47556,3170,13,9204339000,864.38,8037000000,534249000,0.336,0.568,247,,,,,,,,,,,,,,,,,,,,,,,,,,,,,,,,,,,,,,,,,,,,
Lao PDR,LAO,Finished,,RBAP,WPRO,2020,2017,6970176,RTI data input table,4726165,GBD 2017,16765540000,"Modelling excel (in local currency, 2017)",2405.33,390953338,137569438,131129781,38862975,2017,2017,2019,2019,0.00011,report,0.324,0.26,0.279,1531277,1228803,1318600,2015,Xangsayarath et al (2019). Tobacco use in Lao Peopleâ€™s Democratic Republic: Results from the 2015 National Adult Tobacco Survey,396000000,0.023,300.32,6796,0.61,363000000,52.08,170.13,26400000,56.81,185.59,4840000000,5445000000,12980000,25269,1685,19,1113750000,159.79,1034000000,69267000,0.23,0.487,86,,,,,,,,,,,,,,,,,,,,,,,,,,,,,,,,,,,,,,,,,,,,
Madagascar,MDG,Finished,https://www.mg.undp.org/content/madagascar/fr/home/library/poverty/modele-d-investissement-pour-la-lutte-anti-tabac-a-madagascar.html ; https://www.undp.org/content/undp/en/home/librarypage/hiv-aids/investment-case-for-tobacco-control-in-madagascar.html,RBA,AFRO,2019,2017,26108785,GBD 2017,14793549,GBD 2017,11467089165,"Modelling excel (in local currency, 2015)",439.2,636486320,295117965,,,2017,2017,,,0.00032,"UN exchange rates, 2017 average",0.294,0.15,0.207,4349303,2219032,3062265,2017,WHO GTCR 2019,157024000,0.014,51.28,8295,0.82,149088000,5.71,17.54,7936000,6.01,18.48,1920000000,2236320000,16960000,30400,2027,18,444800000,17.04,416000000,28128000,0.232,0.422,26,,,,,,,,,,,,,,,,,,,,,,,,,,,,,,,,,,,,,,,,,,,,
Myanmar,MMR,Finished,https://www.mm.undp.org/content/myanmar/en/home/library/poverty/myanmar-tobacco-control-investment-case-the-case-for-investing.html,RBAP,SEARO,2018,2016,54510408,GBD 2016,38137869,GBD 2016,63776718320,"Modelling excel (in local currency, 2018)",1169.99,3036017600,424595569,703588408,125428893,2016,2016,2016,2016,0.00081,"UN exchange rates, 2016 average",0.488,0.053,0.261,18611280,2027790,9953984,2014,STEPS survey 2014/WHO GTCR 2017 (tobacco smoking and estimation calculation for cigarette smoking) WHO GHO 2015 (tobacco use),2096000000,0.033,210.57,64033,0.56,1822160000,33.43,118.4,245920000,38.45,136.19,25432000000,27332400000,28568000,255425,17028,89,6424000000,117.85,5658000000,377200000,0.253,0.447,225,,,,,,,,,,,,,,,,,,,,,,,,,,,,,,,,,,,,,,,,,,,,
Samoa,WSM,Finished,https://www.ws.undp.org/content/samoa/en/home/library/samoa-fctc-investigation-case.html,RBAP,WPRO,2019,2017,200874,RTI data input table,132274,GBD 2017,755462005,"Modelling excel (in local currency, 2015)",3760.88,43236082,33007182,18555324,14355356,2017,2017,2016,2016,0.375,report,0.281,0.236,0.256,37169,31217,33862,2013,STEPS 2013 (tobacco smoking) WHO GHO 2015 (tobacco use) WHO GTCR 2019 (cigarette smoking),17625000,0.023,520.49,226,0.56,16950000,84.38,129.92,637500,87.74,135.09,212062500,254250000,5587500,952,63,2,56325000,280.4,54225000,3637500,0.266,0.461,10,,,,,,,,,,,,,,,,,,,,,,,,,,,,,,,,,,,,,,,,,,,,
Serbia,SRB,Finished,,RBEC,EURO,2021,2019,6945235,Statistical Office of the Republic of Serbia 2019,5952646,Statistical Office of the Republic of Serbia 2019,55190100840,"Modelling excel (in local currency, 2020)",7946.47,4792305206,2796350951,,,2019,2019,,,0.01021,report,0.379,0.374,0.374,2256053,2226290,2226290,2019,Serbia Institute of Economic Sciences 2020,2743800000,0.049,1232.45,19872,,2407200000,346.6,843.59,336600000,395.06,961.55,29580000000,36108000000,46614000,72600,4840,16,6548400000,942.86,5742600000,379440000,0.221,0.42,140,,,,,,,,,,,,,,,,,,,,,,,,,,,,,,,,,,,,,,,,,,,,
Sierra Leone,SLE,Finished,https://www.sl.undp.org/content/sierraleone/en/home/library/investment-case-for-tobacco-control-in-sierra-leone-report.html,RBA,AFRO,2019,2017,7092112,Sierra Leone Population and Housing Census 2015,4197653,Sierra Leone Population and Housing Census 2015,3313759200,Statistics Sierra Leone 2017,467.25,309802140,28046445,52733547,5707008,2017,2017,2017,2017,0.00012,report,0.205,0.168,0.205,860519,705206,860519,2017,WHO GTCR 2019,48468000,0.015,56.32,3330,0.68,35448000,5,18.7,13008000,6.83,25.27,588000000,531720000,8640000,19844,1323,23,222240000,31.34,156000000,10776000,0.378,0.688,26,,,,,,,,,,,,,,,,,,,,,,,,,,,,,,,,,,,,,,,,,,,,
Sri Lanka,LKA,Finished,https://www.undp.org/content/dam/undp/library/people/health/WHO FCTC Implementation/Investment_Case_for_Tobacco_Control_in_Sri_Lanka.pdf,RBAP,SEARO,2018,2016,21203000,Sri Lankan Department of Census and Statistics 2016,15855000,Sri Lankan Department of Census and Statistics 2016,99670998545,"Modelling excel (computed via economic costs as % of GDP, 2018)",4700.8,3476689219,1499197805,1346050074,588379197,2016,2016,2016,2016,0.00747,report,0.258,0.15,0.15,4090590,2378250,2378250,2015,STEPS 2015,1603500000,0.016,674.24,20000,0.55,1488000000,70.18,202.9,114750000,75.63,218.64,19275000000,22320000000,22500000,72344,4823,32,4394250000,207.25,4065000000,270750000,0.228,0.434,171,,,,,,,,,,,,,,,,,,,,,,,,,,,,,,,,,,,,,,,,,,,,
Suriname,SUR,Finished,https://www.sr.undp.org/content/suriname/en/home/library/InvestmentCaseForTobaccoControlINSuriname.html,RBLAC,PAHO,2020,2019,575888,RTI data input table,429248,GBD 2019,2101345400,"Modelling excel (in local currency, 2020)",3648.88,345917424,251949350,,,2019,2019,,,0.1303,report,0.201,0.201,0.201,86279,86279,86279,2013,"STEPS 2013 (tobacco smoking), no data on tobacco use or cigarette smoking so used tobacco smoking prevalence",66192400,0.017,767.19,546,0.62,59304742,102.98,287.53,6905900,114.94,320.93,781800000,889571130,11075500,1800,120,2,141896700,246.4,115576100,8482530,0.182,0.357,12.9,,,,,,,,,,,,,,,,,,,,,,,,,,,,,,,,,,,,,,,,,,,,
Tunisia,TUN,Finished,https://www.tn.undp.org/content/tunisia/fr/home/library/modele-d_investissement-pour-la-lutte-antitabac-en-tunisie/,RBAS,EMRO,2020,2019,11442183,GBD 2017,8767305,GBD 2017,43130962500,"Modelling excel (in local currency, 2019)",3769.47,2515931763,1296086697,1651825068,857436836,2019,2019,2018,2018,0.375,report,0.267,0.182,0.229,2340871,1595650,2007713,2017,WHO GTCR 2019,750000000,0.018,373.56,13200,0.49,708750000,61.94,187.53,54862500,65.55,198.42,8362500000,10631250000,33637500,55500,3700,16,2119012500,185.19,1987500000,131137500,0.253,0.459,63,,,,,,,,,,,,,,,,,,,,,,,,,,,,,,,,,,,,,,,,,,,,
Zambia,ZMB,Finished,https://www.zm.undp.org/content/zambia/en/home/stories/zambia-tobacco-control-investment-case.html,RBA,AFRO,2018,2016,16647858,GBD 2016,9074151,GBD 2016,25796988000,"Modelling excel (in local currency, 2018)",1549.57,1015984409,388981321,114872325,58913148,2016,2016,2016,2016,0.10504,report,0.155,0.138,0.14,1406493,1252233,1270381,2016,WB 2016 (tobacco use and tobacco smoking from WB 2015),294000000,0.012,231.43,7142,0.6,278376000,16.72,41.04,16201500,17.66,43.34,3633000000,4175640000,31258500,40349,2690,13,1302000000,78.21,1239000000,82299000,0.358,0.64,42,2018,2017,17098254,2017,25569148400,2017,1495,36250,2016,2.12,0.29,0.18,1523950000,0.06,89.1,2.206,58961100,0.039,3,6.808,58961100,0.959,1461415500,85,192.902,27094780,2,4.539,362885,93413,13420,10731,8632,104154100,0.004,6.09,5.3,1.3,,4.5,4.6,0.892,0.058,0.049
Bahrain,BHR,,,RBAS,EMRO,,,,,,,,,,,,,,,,,,,,,,,,,,,,,,,,,,,,,,,,,,,,,,,,,,,,2021,2019,1526123,2019,37348868421,2019,24473,2324,2016,1.52,0.83,0.11,1405207342,0.038,920.8,1866.282,744814732,0.53,488,989.081,426671605,0.47,660392611,433,877.607,890995861,584,1183.654,86999,11150,14977,13804,8359,1674235213,0.045,1097.05,2.72,,7.15,1.73,1.38,0.886,0.057,0.058
Barbados,BRB,,,RBLAC,PAHO,,,,,,,,,,,,,,,,,,,,,,,,,,,,,,,,,,,,,,,,,,,,,,,,,,,,2015,2015,270000,2015,4720000000,2015,17481,1512,2012,5.6,0.84,0.14,105000000,0.026,220,206.497,32000000,0.305,119,111.696,32000000,0.695,73000000,270,253.428,,,,,,,,,,,,,,,,,0.28,0.67,0.05
Belarus,BLR,,,RBEC,EURO,,,,,,,,,,,,,,,,,,,,,,,,,,,,,,,,,,,,,,,,,,,,,,,,,,,,2015,2015,9461076,2015,43293666000,2015,45759770,108580,2012,11.48,0.89,0.26,2324726000,0.054,245.7,939.849,168803980,0.049,18,68.853,164821580,0.952,2156469600,228,872.144,423179780,45,172.134,1481007,266467,272594,172442,118521,8067645480,0.171,852.72,31.1,12,94,5.2,0.6,0.852,0.08,0.074
Botswana ,BWA,,,RBA,AFRO,,,,,,,,,,,,,,,,,,,,,,,,,,,,,,,,,,,,,,,,,,,,,,,,,,,,2021,2018,2451409,2018,18823300000,2018,7679,7360,2016,3,0.46,0.2,1115518293,0.057,455.1,993.159,255590693,0.229,104,226.958,255590693,0.771,859927600,351,765.983,377446793,154,336.072,152186,15256,27886,27252,17864,725430168,0.039,295.92,2.3,0.6,11.2,1.7,1.3,0.799,0.107,0.096
Ethiopia,ETH,,,RBA,AFRO,,,,,,,,,,,,,,,,,,,,,,,,,,,,,,,,,,,,,,,,,,,,,,,,,,,,2019,2017,104806000,2017,59620826351,2017,16213,273000,2016,2.6,0.39,0.18,1101403509,0.018,10.5,35.119,154385965,0.141,1,3.345,154385965,0.859,943508772,9,30.103,8497543860,81,270.924,6789376,968284,1447403,979074,691097,2180000000,0.001,20.8,3.05,1.43,3.26,1.77,0.06,0.804,0.103,0.093
Jamaica,JAM,,,RBLAC,PAHO,,,,,,,,,,,,,,,,,,,,,,,,,,,,,,,,,,,,,,,,,,,,,,,,,,,,2018,2017,2808376,2017,14166000000,2017,5044,16000,2016,5.7,0.8,0.15,,,,,,,,,,,,,,288671600,103,193.657,67462,7355,5735,7244,5313,606855700,0.043,216.09,5.37,1.86,,,,0.562,0.027,0.025
Kazakhstan,KAZ,,,RBEC,EURO,,,,,,,,,,,,,,,,,,,,,,,,,,,,,,,,,,,,,,,,,,,,,,,,,,,,2019,2017,18037776,2017,160890000000,2017,8920,127280,2016,7.06,0.86,0.27,7130000000,0.045,395.3,1051.649,949840000,0.14,53,141,930930000,0.86,6231310000,345,917.832,278555000000,15443,41084.294,1847276,258113,394997,159401,156610,18251870000,0.113,1011.87,45.4,14.2,118.4,33.8,0.5,0.835,0.087,0.078
Kuwait,KWT,,,RBAS,EMRO,,,,,,,,,,,,,,,,,,,,,,,,,,,,,,,,,,,,,,,,,,,,,,,,,,,,2021,2019,4420110,2019,133618000000,2019,30230,7920,2016,1.79,0.72,0.17,5230535868,0.039,1183,916.975,2663319654,0.5,603,977.123,2327395582,0.5,2578592191,583,944.714,1446974122,327,529.883,117148,10213,17402,14242,13432,3107028470,0.022,702.93,3.07,,8.23,1.54,1.84,0.878,0.06,0.062
Kyrgyzstan,KGZ,,,RBEC,WPRO,,,,,,,,,,,,,,,,,,,,,,,,,,,,,,,,,,,,,,,,,,,,,,,,,,,,2017,2015,5895062,2015,6791164110,2015,2295,28800,2012,4.89,0.8,0.24,277682545,0.039,47.1,177.077,59414757,0.22,10,37.596,56932678,0.78,206167655,35,131.586,13527328461,2295,8628.295,84863,11013,13197,10453,13404,94629247,0.014,16.05,3.8,,12.3,3.6,0.01,0.81,0.095,0.085
Mozambique,MOZ,Finished,,RBA,AFRO,2020,2019,29528037,RTI data input table,15764888,GBD 2019,12895139334,"Modelling excel (in local currency, 2020)",436.71,1056452531,244509863,9139821,2907653,2019,2019,2018,2018,0.0138,report,0.1460,0.1050,0.1510,2301674,1655313,2380498,2019,WHO GTCR 2021,161460000,0.0130,67.83,9300,0.7300,149040000,5.05,15.32,12420000,5.47,16.06,1766400000,139500,28980000,53400,3560,18,621000000,21.03,565800000,37701600,0.3516,0.650,21.0,,,,,,,,,,,,,,,,,,,,,,,,,,,,,,,,,,,,,,,,,,,,
Mongolia,MNG,,,RBAP,WPRO,,,,,,,,,,,,,,,,,,,,,,,,,,,,,,,,,,,,,,,,,,,,,,,,,,,,2016,2015,2959134,2015,9546908179,2015,3226,15010,2012,5.07,0.79,0.32,,,,,,,,,,,,,,150544734,51,172.344,250482,7599,19454,18171,31756,958732255,0.01,323.99,13,13.6,16.9,,3,0.771,0.132,0.097
Nigeria,NGA,,,RBA,AFRO,,,,,,,,,,,,,,,,,,,,,,,,,,,,,,,,,,,,,,,,,,,,,,,,,,,,2021,2018,198387623,2018,357256000000,2018,1824,617120,2016,3.11,0.29,0.22,4465554455,0.011,22.5,65.136,451021000,0.101,2,5.79,451021000,0.899,4028752000,20,57.899,5630845000,28,81.058,2749525,2234947,526177,311072,206762,5478660000,0.015,27.62,1.5,1.2,6,2.2,1.2,0.651,0.038,0.048
Oman,OMN,,,RBAS,EMRO,,,,,,,,,,,,,,,,,,,,,,,,,,,,,,,,,,,,,,,,,,,,,,,,,,,,2021,2019,4463847,2019,80215526316,2019,17970,8064,2016,1.81,0.72,0.18,2894736842,0.036,648.5,1180.783,1603524995,0.56,359,653.665,1415912571,0.44,1278334395,286,520.747,672648458,151,274.94,116974,12292,18724,17140,15012,1766126100,0.022,395.65,4.8,,8.64,2.01,2.27,0.875,0.064,0.062
Panama,PAN,Finished,,RBLAC,PAHO,2022,2019,4160457,GBD 2019,3016737,GBD 2019,66800769814,Modelling excel (in local currency 2019),16056.11,5578636230,3218417816,,,2019,2019,,,1,report,0.92,0.049,0.89,2775398,147820,2684896,2019,2019 National Health Survey,416000000,0.006,2632,1384,0.38,337000000,81,168.07,78000000,99.99,207.46,4600000000,5055000000,20000000,2378,159,1,464000000,111.53,377000000,26000000,0.1009,0.202,23,,,,,,,,,,,,,,,,,,,,,,,,,,,,,,,,,,,,,,,,,,,,
Philippines,PHL,,,RBAP,WPRO,,,,,,,,,,,,,,,,,,,,,,,,,,,,,,,,,,,,,,,,,,,,,,,,,,,,2019,2017,106738501,2017,313757000000,2017,2939,444210,2016,4.16,0.67,0.27,15016525000,0.048,140.7,365.652,1502645000,0.1,14,36.383,1502645000,0.88,13513880000,127,330.048,11566573165,108,280.671,3604811,1419418,394977,159401,156610,8827295000,0.028,82.7,8.8,7,29.9,12.7,0.1,0.72,0.148,0.133
Qatar,QAT,,,RBAS,EMRO,,,,,,,,,,,,,,,,,,,,,,,,,,,,,,,,,,,,,,,,,,,,,,,,,,,,2021,2019,2799202,2019,183466000000,2018,65542,2760,2016,0.99,0.68,0.15,4972527473,0.027,1776,2674.477,1978021978,0.4,707,1064.671,1487615602,0.6,2990184150,1068,1608.3,1173196368,419,630.972,134068,8347,24679,19453,11010,7471604865,0.041,2669.19,5.57,,25.02,1.45,5.92,0.901,0.049,0.05
Russia,RUS,,,RBEC,EURO,,,,,,,,,,,,,,,,,,,,,,,,,,,,,,,,,,,,,,,,,,,,,,,,,,,,2020,2018,144477859,2018,1654810000000,2018,11454,1626900,2016,11.26,0.87,0.25,64357200000,0.039,445.4,1139.222,9702963000,0.151,67,171.369,9003636000,0.849,54644679000,378,966.83,67880597400,470,1202.143,21829686,2870751,4368127,2383350,2862067,128989000000,0.078,892.8,8.6,3.15,51.41,10.68,0.32,0.769,0.122,0.109
Saudi Arabia,SAU,,,RBAS,EMRO,,,,,,,,,,,,,,,,,,,,,,,,,,,,,,,,,,,,,,,,,,,,,,,,,,,,2021,2019,34218169,2019,792967000000,2019,23174,83220,2016,2.43,0.73,0.16,24426666667,0.031,713.9,1495.131,17601226118,0.72,514,1076.478,10989856872,0.28,6836773053,200,418.863,7228372589,211,441.9,1246569,73285,213529,173432,132247,29736268897,0.038,869.02,7.69,,35.75,2.98,2.65,0.886,0.058,0.056
Thailand,THA,,,RBAP,SEARO,,,,,,,,,,,,,,,,,,,,,,,,,,,,,,,,,,,,,,,,,,,,,,,,,,,,2021,2018,65557054,2021,538650000000,2017,8217,404250,2016,6.17,0.74,0.14,52266198532,0.097,797.3,1963.425,4446217683,0.085,68,167.456,4446217683,0.91,47819980849,729,1795.23,6727736993,103,253.647,14458971,348768,318361,273097,109420,24906798596,0.046,379.93,2.53,2.28,10.26,1.82,1.25,,,
Turkey,TUR,,,RBEC,EURO,,,,,,,,,,,,,,,,,,,,,,,,,,,,,,,,,,,,,,,,,,,,,,,,,,,,2018,2016,81019394,2016,721890000000,2015,8910,404950,2016,5,0.89,0.16,25802940000,0.036,318.5,693.239,9106920000,0.353,112,243.776,9106920000,0.647,16696020000,206,448.374,6731383620,83,180.656,5326241,567316,1018285,645076,506197,58035624660,0.082,716.32,5,0.6,88,2.3,4.3,0.848,0.081,0.072
UAE,ARE,,,RBAS,EMRO,,,,,,,,,,,,,,,,,,,,,,,,,,,,,,,,,,,,,,,,,,,,,,,,,,,,2021,2019,9768100,2019,404700000000,2019,41431,11550,2016,1.18,0.77,0.17,10858116586,0.027,1112,1833.718,5066883052,0.47,519,855.845,2817129110,0.53,5791233534,593,977.873,2492885102,255,420.502,220673,8311,32190,28389,27823,8803392373,0.014,901.24,1.92,,12.04,1.37,1.79,0.87,0.065,0.064
Uzbekistan,UZB,,,RBEC,EURO,,,,,,,,,,,,,,,,,,,,,,,,,,,,,,,,,,,,,,,,,,,,,,,,,,,,2017,2016,31847900,2016,67542770000,2016,2121,143640,2016,4.51,0.84,0.25,3167766080,0.047,99.5,258.82,710368290,0.175,22,55.015,699184590,0.825,2468581490,78,195.055,470833770,15,37.511,1016406,181649,118940,213823,59544730,778792200,0.012,24.45,13,1.9,64.8,9.6,0.3,0.704,0.157,0.139
Bhutan,BTN,Finished,,RBAP,SEARO,2022,2019,777612,UNPD 2020,590764,UNPD 2020,2076032137,Modelling excel (in local currency),2669.75,75413020,55479732,31543136,26794672,2019,2019,2019,2019,0.0121,report,0.2390,0.1000,0.1060,141193,59076,62621,2019,STEPS Survey 2019,14520000,0.0070,231.87,418,0.4400,11979000,15.40,65.98,2528900,18.67,79.97,158510000,179685000,3993000,1204,80,3,27709000,35.63,22348700,1514920,0.1748,0.341,7,,,,,,,,,,,,,,,,,,,,,,,,,,,,,,,,,,,,,,,,,,,,
Burkina Faso,BFA,Finished,,RBA,AFRO,2022,2019,20487979,"2019 National Institute of Statistics and Demographics, Burkina Faso",11203933,"2019 National Institute of Statistics and Demographics, Burkina Faso",17547965669,"Modelling excel (in local currency, 2019)",856.50,857099041,358383885,110768755,44705533,2019,2019,2019,2019,0.0017,report,0.1520,0.0870,0.1080,1702998,974742,1210025,2019,WHO GTCR 2021,96900000,0.0050,105.72,"4,686",0.7600,85000000,4.15,11.95,11220000,4.73,13.62,1050600000,1275000000,25500000,18684,1246,7,256700000,12.53,227800000,15130000,0.2443,0.426,10,,,,,,,,,,,,,,,,,,,,,,,,,,,,,,,,,,,,,,,,,,,,